"SKT_ID","FECHA","SKT_CREATED_DATE","MONTO","COMPANIA","COLUANIA","FILE_ID","FILENAME","FILE_ROW_NUM","SKT_UNIQUENESS","MATH12","MATH13","MATH14","ADD_DATE_TIME15","ADD_DATE_TIME16","AND17","CONCAT18","DATEDIF19","DIV020","EXTRACT_DATE21","IFELSE22","INDEX_OF23","ISBLANK24","LEFT25","LEN26","LOWER27","MATH28","OR29","PAD30","REGEXP_EXTRACT31","REGEXP_EXTRACT32","REPLACE33","RIGHT34","ROUND35","FLOOR36","CEIL37","MATH38","MATH39","SKT_CREATED_AT"
"20220202-204209568-0d6f565d-a76d-4c54-932e-cb32d4b3fa46","","2022-02-02",95.00000,"Ante Iaculis Nec Inc.","Pencahue","7284","A.csv",1,1,95.00000,95.00000,95.00000,"","",true,"Ante Iaculis Nec Inc.Pencahue","",95.00000,"","si","7",true,"Ant",21,"ante iaculis nec inc.",9515.00000,true,"Ante Iaculis Ne","ac","ac","Ante Izculis Nec Inc.","nc.",95.00000,95.00000,95.00000,95.00000,95.00000,"2022-02-02 20:42:09.568"
"20220202-204209568-34c15f3b-8171-4420-9fad-85404723bfcf","2021-11-08","2022-02-02",31.00000,"Aliquam Corp.","Kharan","7284","A.csv",2,1,31.00000,31.00000,31.00000,"2021-11-09 00:00:00.000","2021-11-09 00:00:00.000",true,"Aliquam Corp.Kharan",86,15.50000,8,"si","6",false,"Ali",13,"aliquam corp.",3115.00000,true,"aaAliquam Corp.","a","a","Aliquzm Corp.","rp.",31.00000,31.00000,31.00000,31.00000,31.00000,"2022-02-02 20:42:09.568"
"20220202-204209568-cd3b9791-2111-4741-bab7-1e4661c953a7","","2022-02-02",6.00000,"Duis Sit Institute","Tampa","7284","A.csv",3,1,6.00000,6.00000,6.00000,"","",true,"Duis Sit InstituteTampa","",2.00000,"","no","0",true,"Dui",18,"duis sit institute",615.00000,false,"Duis Sit Instit","","","Duis Sit Institute","ute",6.00000,6.00000,6.00000,6.00000,6.00000,"2022-02-02 20:42:09.568"
"20220202-204209568-6dc7c73f-7923-453d-ac7b-af89c13fa9c3","","2022-02-02",2.00000,"Nunc Id Enim PC","Cranbrook","7284","A.csv",4,1,2.00000,2.00000,2.00000,"","",true,"Nunc Id Enim PCCranbrook","",0.50000,"","no","0",true,"Nun",15,"nunc id enim pc",215.00000,false,"Nunc Id Enim PC","c","c","Nunc Id Enim PC"," PC",2.00000,2.00000,2.00000,2.00000,2.00000,"2022-02-02 20:42:09.568"
"20220202-204209568-1d5ac7f3-963f-4ec8-959e-6d43b9d39252","2019-01-11","2022-02-02",89.00000,"Dolor PC","La Rochelle","7284","A.csv",5,1,89.00000,89.00000,89.00000,"2019-01-12 00:00:00.000","2019-01-12 00:00:00.000",true,"Dolor PCLa Rochelle",1118,17.80000,11,"si","0",false,"Dol",8,"dolor pc",8915.00000,true,"aaaaaaaDolor PC","","","Dolor PC"," PC",89.00000,89.00000,89.00000,89.00000,89.00000,"2022-02-02 20:42:09.568"
"20220202-204209568-484da726-9854-45e6-b1a7-4c5620cc99ff","","2022-02-02",85.00000,"Sociis Industries","Socchieve","7284","A.csv",6,1,85.00000,85.00000,85.00000,"","",true,"Sociis IndustriesSocchieve","",14.16667,"","si","0",true,"Soc",17,"sociis industries",8515.00000,true,"Sociis Industri","c","c","Sociis Industries","ies",85.00000,85.00000,85.00000,85.00000,85.00000,"2022-02-02 20:42:09.568"
"20220202-204209568-adc20b41-cc05-4656-a36f-9987c6bb3e5b","","2022-02-02",69.00000,"Ultricies Ligula LLP","Vichuquén","7284","A.csv",7,1,69.00000,69.00000,69.00000,"","",true,"Ultricies Ligula LLPVichuquén","",9.85714,"","si","16",true,"Ult",20,"ultricies ligula llp",6915.00000,true,"Ultricies Ligul","c","c","Ultricies Ligulz LLP","LLP",69.00000,69.00000,69.00000,69.00000,69.00000,"2022-02-02 20:42:09.568"
"20220202-204209568-fd27e690-96ac-4c54-906a-0a944cad7577","2021-08-03","2022-02-02",9.00000,"Ipsum Phasellus Vitae Corporation","Denny","7284","A.csv",8,1,9.00000,9.00000,9.00000,"2021-08-04 00:00:00.000","2021-08-04 00:00:00.000",true,"Ipsum Phasellus Vitae CorporationDenny",183,1.12500,3,"no","9",false,"Ips",33,"ipsum phasellus vitae corporation",915.00000,false,"Ipsum Phasellus","a","a","Ipsum Phzsellus Vitze Corporztion","ion",9.00000,9.00000,9.00000,9.00000,9.00000,"2022-02-02 20:42:09.568"
"20220202-204209568-4269c91e-db16-4f81-bbc3-f1915c6edd04","2020-01-06","2022-02-02",93.00000,"Eu Neque Pellentesque Company","Fairbanks","7284","A.csv",9,1,93.00000,93.00000,93.00000,"2020-01-07 00:00:00.000","2020-01-07 00:00:00.000",true,"Eu Neque Pellentesque CompanyFairbanks",758,10.33333,6,"si","27",false,"Eu ",29,"eu neque pellentesque company",9315.00000,true,"Eu Neque Pellen","a","a","Eu Neque Pellentesque Compzny","any",93.00000,93.00000,93.00000,93.00000,93.00000,"2022-02-02 20:42:09.568"
"20220202-204209568-1e585c87-b2c7-4cab-8f03-02cd7cb94034","2021-05-05","2022-02-02",34.00000,"Arcu LLC","Porto Alegre","7284","A.csv",10,1,34.00000,34.00000,34.00000,"2021-05-06 00:00:00.000","2021-05-06 00:00:00.000",true,"Arcu LLCPorto Alegre",273,3.40000,5,"si","0",false,"Arc",8,"arcu llc",3415.00000,true,"aaaaaaaArcu LLC","c","c","Arcu LLC","LLC",34.00000,34.00000,34.00000,34.00000,34.00000,"2022-02-02 20:42:09.568"
"20220202-204209568-c73000c0-9c8a-4b1f-886a-84e1fe58387b","","2022-02-02",50.00000,"Nascetur Ridiculus Mus Industries","Cinisi","7284","A.csv",11,1,50.00000,50.00000,50.00000,"","",true,"Nascetur Ridiculus Mus IndustriesCinisi","",4.54545,"","si","0",true,"Nas",33,"nascetur ridiculus mus industries",5015.00000,true,"Nascetur Ridicu","a","a","Nzscetur Ridiculus Mus Industries","ies",50.00000,50.00000,50.00000,50.00000,50.00000,"2022-02-02 20:42:09.568"
"20220202-204209568-503f2f4f-6fbc-4a09-837d-9c062b387599","2020-10-03","2022-02-02",41.00000,"Parturient Montes PC","HŽvillers","7284","A.csv",12,1,41.00000,41.00000,41.00000,"2020-10-04 00:00:00.000","2020-10-04 00:00:00.000",true,"Parturient Montes PCHŽvillers",487,3.41667,3,"si","0",false,"Par",20,"parturient montes pc",4115.00000,true,"Parturient Mont","a","a","Pzrturient Montes PC"," PC",41.00000,41.00000,41.00000,41.00000,41.00000,"2022-02-02 20:42:09.568"
"20220202-204209568-b328c439-2b5b-439e-87c4-8cce1e9ce1c2","","2022-02-02",54.00000,"Nullam Ltd","Tryokhgorny","7284","A.csv",13,1,54.00000,54.00000,54.00000,"","",true,"Nullam LtdTryokhgorny","",4.15385,"","si","5",true,"Nul",10,"nullam ltd",5415.00000,true,"aaaaaNullam Ltd","a","a","Nullzm Ltd","Ltd",54.00000,54.00000,54.00000,54.00000,54.00000,"2022-02-02 20:42:09.568"
"20220202-204209568-708ac4a2-23e7-479f-a1f7-268288e68485","2019-10-11","2022-02-02",48.00000,"Imperdiet PC","Fort Providence","7284","A.csv",14,1,48.00000,48.00000,48.00000,"2019-10-12 00:00:00.000","2019-10-12 00:00:00.000",true,"Imperdiet PCFort Providence",845,3.42857,11,"si","0",false,"Imp",12,"imperdiet pc",4815.00000,true,"aaaImperdiet PC","","","Imperdiet PC"," PC",48.00000,48.00000,48.00000,48.00000,48.00000,"2022-02-02 20:42:09.568"
"20220202-204209568-e265f39e-7261-4f4c-87d7-4ffb26238e26","2020-05-05","2022-02-02",27.00000,"Hymenaeos Mauris Ut Inc.","Darion","7284","A.csv",15,1,27.00000,27.00000,27.00000,"2020-05-06 00:00:00.000","2020-05-06 00:00:00.000",true,"Hymenaeos Mauris Ut Inc.Darion",638,1.80000,5,"si","6",false,"Hym",24,"hymenaeos mauris ut inc.",2715.00000,true,"Hymenaeos Mauri","a","a","Hymenzeos Mzuris Ut Inc.","nc.",27.00000,27.00000,27.00000,27.00000,27.00000,"2022-02-02 20:42:09.568"
"20220202-204209568-fdbd6418-be8d-4605-a857-add168026745","2020-07-01","2022-02-02",82.00000,"Quisque Porttitor Eros Ltd","Arquata del Tronto","7284","A.csv",16,1,82.00000,82.00000,82.00000,"2020-07-02 00:00:00.000","2020-07-02 00:00:00.000",true,"Quisque Porttitor Eros LtdArquata del Tronto",581,5.12500,1,"si","0",false,"Qui",26,"quisque porttitor eros ltd",8215.00000,true,"Quisque Porttit","","","Quisque Porttitor Eros Ltd","Ltd",82.00000,82.00000,82.00000,82.00000,82.00000,"2022-02-02 20:42:09.568"
"20220202-204209568-9bc039d8-55bc-4ea6-8ef1-b029dbd87fef","","2022-02-02",5.00000,"Ridiculus Mus Inc.","Macerata","7284","A.csv",17,1,5.00000,5.00000,5.00000,"","",true,"Ridiculus Mus Inc.Macerata","",0.29412,"","no","0",true,"Rid",18,"ridiculus mus inc.",515.00000,false,"Ridiculus Mus I","c","c","Ridiculus Mus Inc.","nc.",5.00000,5.00000,5.00000,5.00000,5.00000,"2022-02-02 20:42:09.568"
"20220202-204209568-b6551cc9-d0db-41fc-a369-9c1f098823bf","","2022-02-02",79.00000,"Congue Institute","Tuscaloosa","7284","A.csv",18,1,79.00000,79.00000,79.00000,"","",true,"Congue InstituteTuscaloosa","",4.38889,"","si","0",true,"Con",16,"congue institute",7915.00000,true,"Congue Institut","","","Congue Institute","ute",79.00000,79.00000,79.00000,79.00000,79.00000,"2022-02-02 20:42:09.568"
"20220202-204209568-c885f488-8555-435c-ae63-6a86c0a931e9","2021-08-03","2022-02-02",52.00000,"Mi Lorem Associates","Tontelange","7284","A.csv",19,1,52.00000,52.00000,52.00000,"2021-08-04 00:00:00.000","2021-08-04 00:00:00.000",true,"Mi Lorem AssociatesTontelange",183,2.73684,3,"si","16",false,"Mi ",19,"mi lorem associates",5215.00000,true,"Mi Lorem Associ","c","c","Mi Lorem Associztes","tes",52.00000,52.00000,52.00000,52.00000,52.00000,"2022-02-02 20:42:09.568"
"20220202-204209568-706da510-144c-41fa-9c94-7fcd72cc4ab2","","2022-02-02",22.00000,"Tincidunt Corporation","Frankston","7284","A.csv",20,1,22.00000,22.00000,22.00000,"","",true,"Tincidunt CorporationFrankston","",1.10000,"","si","17",true,"Tin",21,"tincidunt corporation",2215.00000,true,"Tincidunt Corpo","c","c","Tincidunt Corporztion","ion",22.00000,22.00000,22.00000,22.00000,22.00000,"2022-02-02 20:42:09.568"
"20220202-204209568-85a3ef71-ca99-4223-91c2-50169aadd816","2020-09-04","2022-02-02",37.00000,"Mi Lacinia LLC","Münster","7284","A.csv",21,1,37.00000,37.00000,37.00000,"2020-09-05 00:00:00.000","2020-09-05 00:00:00.000",true,"Mi Lacinia LLCMünster",516,1.76190,4,"si","5",false,"Mi ",14,"mi lacinia llc",3715.00000,true,"aMi Lacinia LLC","ac","ac","Mi Lzciniz LLC","LLC",37.00000,37.00000,37.00000,37.00000,37.00000,"2022-02-02 20:42:09.568"
"20220202-204209568-1f16b7bc-2907-4212-b77a-258fe98833c9","","2022-02-02",66.00000,"Natoque Penatibus LLC","Curanilahue","7284","A.csv",22,1,66.00000,66.00000,66.00000,"","",true,"Natoque Penatibus LLCCuranilahue","",3.00000,"","si","12",true,"Nat",21,"natoque penatibus llc",6615.00000,true,"Natoque Penatib","a","a","Nztoque Penztibus LLC","LLC",66.00000,66.00000,66.00000,66.00000,66.00000,"2022-02-02 20:42:09.568"
"20220202-204209568-44524c64-004c-4f66-9fc3-21fc813c9273","","2022-02-02",57.00000,"Vulputate Dui Nec Institute","Piracicaba","7284","A.csv",23,1,57.00000,57.00000,57.00000,"","",true,"Vulputate Dui Nec InstitutePiracicaba","",2.47826,"","si","7",true,"Vul",27,"vulputate dui nec institute",5715.00000,true,"Vulputate Dui N","a","a","Vulputzte Dui Nec Institute","ute",57.00000,57.00000,57.00000,57.00000,57.00000,"2022-02-02 20:42:09.568"
"20220202-204209568-11815754-077e-4949-b16f-78ab232dbe29","","2022-02-02",41.00000,"Eleifend Egestas Sed Company","Nocera Umbra","7284","A.csv",24,1,41.00000,41.00000,41.00000,"","",true,"Eleifend Egestas Sed CompanyNocera Umbra","",1.70833,"","si","15",true,"Ele",28,"eleifend egestas sed company",4115.00000,true,"Eleifend Egesta","a","a","Eleifend Egestzs Sed Compzny","any",41.00000,41.00000,41.00000,41.00000,41.00000,"2022-02-02 20:42:09.568"
"20220202-204209568-56fb7823-67f3-4f9c-bae6-b4cfab955c3d","","2022-02-02",8.00000,"Enim Diam Limited","Vizianagaram","7284","A.csv",25,1,8.00000,8.00000,8.00000,"","",true,"Enim Diam LimitedVizianagaram","",0.32000,"","no","8",true,"Eni",17,"enim diam limited",815.00000,false,"Enim Diam Limit","a","a","Enim Dizm Limited","ted",8.00000,8.00000,8.00000,8.00000,8.00000,"2022-02-02 20:42:09.568"
"20220202-204209568-010f2b5e-8792-445b-81b6-1e7bfcb86939","","2022-02-02",83.00000,"Nec Urna Suscipit Foundation","Sibolga","7284","A.csv",26,1,83.00000,83.00000,83.00000,"","",true,"Nec Urna Suscipit FoundationSibolga","",3.19231,"","si","8",true,"Nec",28,"nec urna suscipit foundation",8315.00000,true,"Nec Urna Suscip","c","c","Nec Urnz Suscipit Foundztion","ion",83.00000,83.00000,83.00000,83.00000,83.00000,"2022-02-02 20:42:09.568"
"20220202-204209568-8e04fed9-75db-49ac-a114-c216a2e5358e","2020-02-04","2022-02-02",98.00000,"Gravida Sit Limited","Betim","7284","A.csv",27,1,98.00000,98.00000,98.00000,"2020-02-05 00:00:00.000","2020-02-05 00:00:00.000",true,"Gravida Sit LimitedBetim",729,3.62963,4,"si","3",false,"Gra",19,"gravida sit limited",9815.00000,true,"Gravida Sit Lim","a","a","Grzvidz Sit Limited","ted",98.00000,98.00000,98.00000,98.00000,98.00000,"2022-02-02 20:42:09.568"
"20220202-204209568-1cdeb3b5-8b41-4fb1-95ce-16be193a33c3","2021-02-04","2022-02-02",58.00000,"Libero Ltd","Driekapellen","7284","A.csv",28,1,58.00000,58.00000,58.00000,"2021-02-05 00:00:00.000","2021-02-05 00:00:00.000",true,"Libero LtdDriekapellen",363,2.07143,4,"si","0",false,"Lib",10,"libero ltd",5815.00000,true,"aaaaaLibero Ltd","b","b","Libero Ltd","Ltd",58.00000,58.00000,58.00000,58.00000,58.00000,"2022-02-02 20:42:09.568"
"20220202-204209568-70d22876-dab5-4e41-9fda-0eecaa3e0224","","2022-02-02",25.00000,"Arcu Inc.","Daly","7284","A.csv",29,1,25.00000,25.00000,25.00000,"","",true,"Arcu Inc.Daly","",0.86207,"","si","0",true,"Arc",9,"arcu inc.",2515.00000,true,"aaaaaaArcu Inc.","c","c","Arcu Inc.","nc.",25.00000,25.00000,25.00000,25.00000,25.00000,"2022-02-02 20:42:09.568"
"20220202-204209568-49042edb-9523-43d3-9fb6-b67f05217dc6","","2022-02-02",45.00000,"Feugiat Lorem Corp.","Fort Laird","7284","A.csv",30,1,45.00000,45.00000,45.00000,"","",true,"Feugiat Lorem Corp.Fort Laird","",1.50000,"","si","6",true,"Feu",19,"feugiat lorem corp.",4515.00000,true,"Feugiat Lorem C","a","a","Feugizt Lorem Corp.","rp.",45.00000,45.00000,45.00000,45.00000,45.00000,"2022-02-02 20:42:09.568"
"20220202-204209568-294f47e1-a088-4962-939b-ccd949f53c97","","2022-02-02",15.00000,"Semper Erat Company","Hall in Tirol","7284","A.csv",31,1,15.00000,15.00000,15.00000,"","",true,"Semper Erat CompanyHall in Tirol","",0.48387,"","si","10",true,"Sem",19,"semper erat company",1515.00000,true,"Semper Erat Com","a","a","Semper Erzt Compzny","any",15.00000,15.00000,15.00000,15.00000,15.00000,"2022-02-02 20:42:09.568"
"20220202-204209568-d196327a-0572-40d4-ac3b-ff4f00f4565c","","2022-02-02",84.00000,"Donec Non Corporation","Graneros","7284","A.csv",32,1,84.00000,84.00000,84.00000,"","",true,"Donec Non CorporationGraneros","",2.62500,"","si","17",true,"Don",21,"donec non corporation",8415.00000,true,"Donec Non Corpo","c","c","Donec Non Corporztion","ion",84.00000,84.00000,84.00000,84.00000,84.00000,"2022-02-02 20:42:09.568"
"20220202-204209568-e571855c-2bb9-4f77-bbc4-6bc7d970991d","","2022-02-02",71.00000,"Donec PC","Châlons-en-Champagne","7284","A.csv",33,1,71.00000,71.00000,71.00000,"","",true,"Donec PCChâlons-en-Champagne","",2.15152,"","si","0",true,"Don",8,"donec pc",7115.00000,true,"aaaaaaaDonec PC","c","c","Donec PC"," PC",71.00000,71.00000,71.00000,71.00000,71.00000,"2022-02-02 20:42:09.568"
"20220202-204209568-c3664c8a-c72b-4cde-84e0-4976dea77784","2020-02-11","2022-02-02",56.00000,"Curabitur Associates","Lehri","7284","A.csv",34,1,56.00000,56.00000,56.00000,"2020-02-12 00:00:00.000","2020-02-12 00:00:00.000",true,"Curabitur AssociatesLehri",722,1.64706,11,"si","4",false,"Cur",20,"curabitur associates",5615.00000,true,"Curabitur Assoc","ab","ab","Curzbitur Associztes","tes",56.00000,56.00000,56.00000,56.00000,56.00000,"2022-02-02 20:42:09.568"
"20220202-204209568-286112b7-6877-40cb-9861-cab8595c1122","","2022-02-02",70.00000,"Enim Associates","Etawah","7284","A.csv",35,1,70.00000,70.00000,70.00000,"","",true,"Enim AssociatesEtawah","",2.00000,"","si","12",true,"Eni",15,"enim associates",7015.00000,true,"Enim Associates","c","c","Enim Associztes","tes",70.00000,70.00000,70.00000,70.00000,70.00000,"2022-02-02 20:42:09.568"
"20220202-204209568-e7456883-5acc-4a00-bc35-156875af26b0","","2022-02-02",14.00000,"Egestas Ligula Nullam Inc.","Mjölby","7284","A.csv",36,1,14.00000,14.00000,14.00000,"","",true,"Egestas Ligula Nullam Inc.Mjölby","",0.38889,"","si","6",true,"Ege",26,"egestas ligula nullam inc.",1415.00000,true,"Egestas Ligula ","a","a","Egestzs Ligulz Nullzm Inc.","nc.",14.00000,14.00000,14.00000,14.00000,14.00000,"2022-02-02 20:42:09.568"
"20220202-204209568-8541f5c5-38d5-4d12-9fdd-5739f3561d5c","2020-10-03","2022-02-02",49.00000,"Erat Foundation","Breton","7284","A.csv",37,1,49.00000,49.00000,49.00000,"2020-10-04 00:00:00.000","2020-10-04 00:00:00.000",true,"Erat FoundationBreton",487,1.32432,3,"si","3",false,"Era",15,"erat foundation",4915.00000,true,"Erat Foundation","a","a","Erzt Foundztion","ion",49.00000,49.00000,49.00000,49.00000,49.00000,"2022-02-02 20:42:09.568"
"20220202-204209568-77646650-bc5c-4c66-a1d7-0b3053698270","","2022-02-02",24.00000,"Ut Eros Non LLP","Reus","7284","A.csv",38,1,24.00000,24.00000,24.00000,"","",true,"Ut Eros Non LLPReus","",0.63158,"","si","0",true,"Ut ",15,"ut eros non llp",2415.00000,true,"Ut Eros Non LLP","","","Ut Eros Non LLP","LLP",24.00000,24.00000,24.00000,24.00000,24.00000,"2022-02-02 20:42:09.568"
"20220202-204209568-5ced6084-7a4b-4403-9837-0f546dc62893","","2022-02-02",58.00000,"Sed Facilisis Vitae LLP","Cartagena","7284","A.csv",39,1,58.00000,58.00000,58.00000,"","",true,"Sed Facilisis Vitae LLPCartagena","",1.48718,"","si","6",true,"Sed",23,"sed facilisis vitae llp",5815.00000,true,"Sed Facilisis V","ac","ac","Sed Fzcilisis Vitze LLP","LLP",58.00000,58.00000,58.00000,58.00000,58.00000,"2022-02-02 20:42:09.568"
"20220202-204209568-d20fef8e-5f99-44b2-b6de-8fe02df426c1","","2022-02-02",91.00000,"Venenatis Limited","Fréjus","7284","A.csv",40,1,91.00000,91.00000,91.00000,"","",true,"Venenatis LimitedFréjus","",2.27500,"","si","6",true,"Ven",17,"venenatis limited",9115.00000,true,"Venenatis Limit","a","a","Venenztis Limited","ted",91.00000,91.00000,91.00000,91.00000,91.00000,"2022-02-02 20:42:09.568"
"20220202-204209568-aa3ecfb5-dcac-485b-9391-58f2ba59ff6a","2021-10-04","2022-02-02",45.00000,"Dolor Consulting","Marlborough","7284","A.csv",41,1,45.00000,45.00000,45.00000,"2021-10-05 00:00:00.000","2021-10-05 00:00:00.000",true,"Dolor ConsultingMarlborough",121,1.09756,4,"si","0",false,"Dol",16,"dolor consulting",4515.00000,true,"Dolor Consultin","","","Dolor Consulting","ing",45.00000,45.00000,45.00000,45.00000,45.00000,"2022-02-02 20:42:09.568"
"20220202-204209568-1a69d0b3-5b2e-4126-a1c4-cf1bd13ad0a5","","2022-02-02",67.00000,"Ipsum Institute","Hollogne-sur-Geer","7284","A.csv",42,1,67.00000,67.00000,67.00000,"","",true,"Ipsum InstituteHollogne-sur-Geer","",1.59524,"","si","0",true,"Ips",15,"ipsum institute",6715.00000,true,"Ipsum Institute","","","Ipsum Institute","ute",67.00000,67.00000,67.00000,67.00000,67.00000,"2022-02-02 20:42:09.568"
"20220202-204209568-2c98fbb3-23c1-4e90-be54-a4a37cb1c080","2020-09-05","2022-02-02",46.00000,"Tristique Ac Eleifend Inc.","Karnal","7284","A.csv",43,1,46.00000,46.00000,46.00000,"2020-09-06 00:00:00.000","2020-09-06 00:00:00.000",true,"Tristique Ac Eleifend Inc.Karnal",515,1.06977,5,"si","0",false,"Tri",26,"tristique ac eleifend inc.",4615.00000,true,"Tristique Ac El","c","c","Tristique Ac Eleifend Inc.","nc.",46.00000,46.00000,46.00000,46.00000,46.00000,"2022-02-02 20:42:09.568"
"20220202-204209568-fe00ed45-d0ba-493a-a714-ca76164d1c95","2021-01-04","2022-02-02",5.00000,"Aenean Eget Magna LLC","Fairbanks","7284","A.csv",44,1,5.00000,5.00000,5.00000,"2021-01-05 00:00:00.000","2021-01-05 00:00:00.000",true,"Aenean Eget Magna LLCFairbanks",394,0.11364,4,"no","5",false,"Aen",21,"aenean eget magna llc",515.00000,false,"Aenean Eget Mag","a","a","Aenezn Eget Mzgnz LLC","LLC",5.00000,5.00000,5.00000,5.00000,5.00000,"2022-02-02 20:42:09.568"
"20220202-204209568-dc3e9147-16c8-423f-8815-6cafee792c5b","","2022-02-02",40.00000,"Eget Tincidunt Inc.","Irricana","7284","A.csv",45,1,40.00000,40.00000,40.00000,"","",true,"Eget Tincidunt Inc.Irricana","",0.88889,"","si","0",true,"Ege",19,"eget tincidunt inc.",4015.00000,true,"Eget Tincidunt ","c","c","Eget Tincidunt Inc.","nc.",40.00000,40.00000,40.00000,40.00000,40.00000,"2022-02-02 20:42:09.568"
"20220202-204209568-4070fa24-1769-40b3-b12f-b30b4038ba6e","","2022-02-02",17.00000,"Lorem Fringilla Institute","Indianapolis","7284","A.csv",46,1,17.00000,17.00000,17.00000,"","",true,"Lorem Fringilla InstituteIndianapolis","",0.36957,"","si","15",true,"Lor",25,"lorem fringilla institute",1715.00000,true,"Lorem Fringilla","a","a","Lorem Fringillz Institute","ute",17.00000,17.00000,17.00000,17.00000,17.00000,"2022-02-02 20:42:09.568"
"20220202-204209568-28bd69b3-befa-4761-b317-ddc042e4b189","","2022-02-02",78.00000,"Lorem Industries","Champion","7284","A.csv",47,1,78.00000,78.00000,78.00000,"","",true,"Lorem IndustriesChampion","",1.65957,"","si","0",true,"Lor",16,"lorem industries",7815.00000,true,"Lorem Industrie","","","Lorem Industries","ies",78.00000,78.00000,78.00000,78.00000,78.00000,"2022-02-02 20:42:09.568"
"20220202-204209568-9389c523-7a6e-4d45-af3b-45691f313ff3","2021-11-04","2022-02-02",11.00000,"Orci LLC","Balikpapan","7284","A.csv",48,1,11.00000,11.00000,11.00000,"2021-11-05 00:00:00.000","2021-11-05 00:00:00.000",true,"Orci LLCBalikpapan",90,0.22917,4,"si","0",false,"Orc",8,"orci llc",1115.00000,true,"aaaaaaaOrci LLC","c","c","Orci LLC","LLC",11.00000,11.00000,11.00000,11.00000,11.00000,"2022-02-02 20:42:09.568"
"20220202-204209568-81791759-9bf5-4281-943a-f20d0e425c3f","","2022-02-02",76.00000,"Vulputate Posuere LLC","Courcelles","7284","A.csv",49,1,76.00000,76.00000,76.00000,"","",true,"Vulputate Posuere LLCCourcelles","",1.55102,"","si","7",true,"Vul",21,"vulputate posuere llc",7615.00000,true,"Vulputate Posue","a","a","Vulputzte Posuere LLC","LLC",76.00000,76.00000,76.00000,76.00000,76.00000,"2022-02-02 20:42:09.568"
"20220202-204209568-6c6d244e-0397-4610-8ad5-1785fd7d78fa","","2022-02-02",84.00000,"Ultrices Sit Amet Consulting","St. Catharines","7284","A.csv",50,1,84.00000,84.00000,84.00000,"","",true,"Ultrices Sit Amet ConsultingSt. Catharines","",1.68000,"","si","0",true,"Ult",28,"ultrices sit amet consulting",8415.00000,true,"Ultrices Sit Am","c","c","Ultrices Sit Amet Consulting","ing",84.00000,84.00000,84.00000,84.00000,84.00000,"2022-02-02 20:42:09.568"
"20220202-204209568-96864616-7775-4dee-aaae-99b6d351e2c1","","2022-02-02",3.00000,"Dapibus Rutrum Justo Limited","Town of Yarmouth","7284","A.csv",51,1,3.00000,3.00000,3.00000,"","",true,"Dapibus Rutrum Justo LimitedTown of Yarmouth","",0.05882,"","no","0",true,"Dap",28,"dapibus rutrum justo limited",315.00000,false,"Dapibus Rutrum ","a","a","Dzpibus Rutrum Justo Limited","ted",3.00000,3.00000,3.00000,3.00000,3.00000,"2022-02-02 20:42:09.568"
"20220202-204209568-c7d467ce-7041-4698-a55c-9ca0beb05eae","2019-03-10","2022-02-02",24.00000,"Nibh Quisque Corp.","Goderich","7284","A.csv",52,1,24.00000,24.00000,24.00000,"2019-03-11 00:00:00.000","2019-03-11 00:00:00.000",true,"Nibh Quisque Corp.Goderich",1060,0.46154,10,"si","0",false,"Nib",18,"nibh quisque corp.",2415.00000,true,"Nibh Quisque Co","b","b","Nibh Quisque Corp.","rp.",24.00000,24.00000,24.00000,24.00000,24.00000,"2022-02-02 20:42:09.568"
"20220202-204209568-3b11c5f5-3794-43e3-b0b5-8435c9cc736a","","2022-02-02",39.00000,"Ornare Corp.","Santa Rosa de Cabal","7284","A.csv",53,1,39.00000,39.00000,39.00000,"","",true,"Ornare Corp.Santa Rosa de Cabal","",0.73585,"","si","4",true,"Orn",12,"ornare corp.",3915.00000,true,"aaaOrnare Corp.","a","a","Ornzre Corp.","rp.",39.00000,39.00000,39.00000,39.00000,39.00000,"2022-02-02 20:42:09.568"
"20220202-204209568-f0d89f70-c68d-456a-a316-96619bb970d6","","2022-02-02",54.00000,"Urna Ut Tincidunt Corp.","Banchory","7284","A.csv",54,1,54.00000,54.00000,54.00000,"","",true,"Urna Ut Tincidunt Corp.Banchory","",1.00000,"","si","4",true,"Urn",23,"urna ut tincidunt corp.",5415.00000,true,"Urna Ut Tincidu","a","a","Urnz Ut Tincidunt Corp.","rp.",54.00000,54.00000,54.00000,54.00000,54.00000,"2022-02-02 20:42:09.568"
"20220202-204209568-f706d620-7b9d-4d1c-9dba-0e3930058757","","2022-02-02",93.00000,"Nascetur Ridiculus Mus Consulting","Sosnowiec","7284","A.csv",55,1,93.00000,93.00000,93.00000,"","",true,"Nascetur Ridiculus Mus ConsultingSosnowiec","",1.69091,"","si","0",true,"Nas",33,"nascetur ridiculus mus consulting",9315.00000,true,"Nascetur Ridicu","a","a","Nzscetur Ridiculus Mus Consulting","ing",93.00000,93.00000,93.00000,93.00000,93.00000,"2022-02-02 20:42:09.568"
"20220202-204209568-b21f1e2a-fbf0-481d-9ad7-1095bae63efd","","2022-02-02",27.00000,"Cursus Industries","Toltén","7284","A.csv",56,1,27.00000,27.00000,27.00000,"","",true,"Cursus IndustriesToltén","",0.48214,"","si","0",true,"Cur",17,"cursus industries",2715.00000,true,"Cursus Industri","","","Cursus Industries","ies",27.00000,27.00000,27.00000,27.00000,27.00000,"2022-02-02 20:42:09.568"
"20220202-204209568-4e87c202-6ffb-4375-9a4a-1e375dd4248b","","2022-02-02",23.00000,"Dolor Nulla Semper Ltd","Kitchener","7284","A.csv",57,1,23.00000,23.00000,23.00000,"","",true,"Dolor Nulla Semper LtdKitchener","",0.40351,"","si","11",true,"Dol",22,"dolor nulla semper ltd",2315.00000,true,"Dolor Nulla Sem","a","a","Dolor Nullz Semper Ltd","Ltd",23.00000,23.00000,23.00000,23.00000,23.00000,"2022-02-02 20:42:09.568"
"20220202-204209568-03707dc2-2aca-4ce3-8dd6-eae97477442c","2020-09-04","2022-02-02",89.00000,"Neque Foundation","Novo Hamburgo","7284","A.csv",58,1,89.00000,89.00000,89.00000,"2020-09-05 00:00:00.000","2020-09-05 00:00:00.000",true,"Neque FoundationNovo Hamburgo",516,1.53448,4,"si","12",false,"Neq",16,"neque foundation",8915.00000,true,"Neque Foundatio","a","a","Neque Foundztion","ion",89.00000,89.00000,89.00000,89.00000,89.00000,"2022-02-02 20:42:09.568"
"20220202-204209568-4be514a1-618e-4e5c-90b9-839c30efb318","","2022-02-02",48.00000,"Sit Amet Associates","Gruitrode","7284","A.csv",59,1,48.00000,48.00000,48.00000,"","",true,"Sit Amet AssociatesGruitrode","",0.81356,"","si","16",true,"Sit",19,"sit amet associates",4815.00000,true,"Sit Amet Associ","c","c","Sit Amet Associztes","tes",48.00000,48.00000,48.00000,48.00000,48.00000,"2022-02-02 20:42:09.568"
"20220202-204209568-f34cfeb4-85ef-4489-8af2-d2a308d684ed","","2022-02-02",18.00000,"Condimentum Limited","Morena","7284","A.csv",60,1,18.00000,18.00000,18.00000,"","",true,"Condimentum LimitedMorena","",0.30000,"","si","0",true,"Con",19,"condimentum limited",1815.00000,true,"Condimentum Lim","","","Condimentum Limited","ted",18.00000,18.00000,18.00000,18.00000,18.00000,"2022-02-02 20:42:09.568"
"20220202-204209568-93c0e8b1-970d-4f80-a021-ae7d66e741db","","2022-02-02",54.00000,"Orci Corporation","Nyazepetrovsk","7284","A.csv",61,1,54.00000,54.00000,54.00000,"","",true,"Orci CorporationNyazepetrovsk","",0.88525,"","si","12",true,"Orc",16,"orci corporation",5415.00000,true,"Orci Corporatio","c","c","Orci Corporztion","ion",54.00000,54.00000,54.00000,54.00000,54.00000,"2022-02-02 20:42:09.568"
"20220202-204209568-8bd73fb5-0beb-4d6c-8e83-0bf57f2b7440","2021-04-05","2022-02-02",52.00000,"At Pretium Aliquet LLC","Bexbach","7284","A.csv",62,1,52.00000,52.00000,52.00000,"2021-04-06 00:00:00.000","2021-04-06 00:00:00.000",true,"At Pretium Aliquet LLCBexbach",303,0.83871,5,"si","0",false,"At ",22,"at pretium aliquet llc",5215.00000,true,"At Pretium Aliq","","","At Pretium Aliquet LLC","LLC",52.00000,52.00000,52.00000,52.00000,52.00000,"2022-02-02 20:42:09.568"
"20220202-204209568-16f47d3f-ccdd-432f-a280-1dbfc001471d","2021-12-04","2022-02-02",66.00000,"Vel Pede Blandit Institute","Heestert","7284","A.csv",63,1,66.00000,66.00000,66.00000,"2021-12-05 00:00:00.000","2021-12-05 00:00:00.000",true,"Vel Pede Blandit InstituteHeestert",60,1.04762,4,"si","12",false,"Vel",26,"vel pede blandit institute",6615.00000,true,"Vel Pede Blandi","a","a","Vel Pede Blzndit Institute","ute",66.00000,66.00000,66.00000,66.00000,66.00000,"2022-02-02 20:42:09.568"
"20220202-204209568-83bf9c4a-8516-4453-ad88-21fda01692be","","2022-02-02",24.00000,"Purus Incorporated","Yeovil","7284","A.csv",64,1,24.00000,24.00000,24.00000,"","",true,"Purus IncorporatedYeovil","",0.37500,"","si","15",true,"Pur",18,"purus incorporated",2415.00000,true,"Purus Incorpora","c","c","Purus Incorporzted","ted",24.00000,24.00000,24.00000,24.00000,24.00000,"2022-02-02 20:42:09.568"
"20220202-204209568-960ec0c6-d2b4-4ea1-99f2-5f08a08f1e61","2020-07-09","2022-02-02",39.00000,"Metus LLP","Cap-Saint-Ignace","7284","A.csv",65,1,39.00000,39.00000,39.00000,"2020-07-10 00:00:00.000","2020-07-10 00:00:00.000",true,"Metus LLPCap-Saint-Ignace",573,0.60000,9,"si","0",false,"Met",9,"metus llp",3915.00000,true,"aaaaaaMetus LLP","","","Metus LLP","LLP",39.00000,39.00000,39.00000,39.00000,39.00000,"2022-02-02 20:42:09.568"
"20220202-204209568-fe1b006e-b223-431e-bc0d-927a1601691b","","2022-02-02",70.00000,"Nullam Enim LLP","Cambrai","7284","A.csv",66,1,70.00000,70.00000,70.00000,"","",true,"Nullam Enim LLPCambrai","",1.06061,"","si","5",true,"Nul",15,"nullam enim llp",7015.00000,true,"Nullam Enim LLP","a","a","Nullzm Enim LLP","LLP",70.00000,70.00000,70.00000,70.00000,70.00000,"2022-02-02 20:42:09.568"
"20220202-204209568-3be4da83-52db-4602-8dc6-bffc84c12455","","2022-02-02",48.00000,"Posuere Cubilia Curae; Limited","Strona","7284","A.csv",67,1,48.00000,48.00000,48.00000,"","",true,"Posuere Cubilia Curae; LimitedStrona","",0.71642,"","si","15",true,"Pos",30,"posuere cubilia curae; limited",4815.00000,true,"Posuere Cubilia","b","b","Posuere Cubiliz Curze; Limited","ted",48.00000,48.00000,48.00000,48.00000,48.00000,"2022-02-02 20:42:09.568"
"20220202-204209568-b8275d60-0118-41e4-9e73-fa2eb8733262","2021-10-01","2022-02-02",15.00000,"Turpis Egestas Fusce Corporation","Neuss","7284","A.csv",68,1,15.00000,15.00000,15.00000,"2021-10-02 00:00:00.000","2021-10-02 00:00:00.000",true,"Turpis Egestas Fusce CorporationNeuss",124,0.22059,1,"si","13",false,"Tur",32,"turpis egestas fusce corporation",1515.00000,true,"Turpis Egestas ","a","a","Turpis Egestzs Fusce Corporztion","ion",15.00000,15.00000,15.00000,15.00000,15.00000,"2022-02-02 20:42:09.568"
"20220202-204209568-dd30ec4c-6a40-4232-9b93-4a94df4147c5","","2022-02-02",80.00000,"Fringilla Inc.","Apeldoorn","7284","A.csv",69,1,80.00000,80.00000,80.00000,"","",true,"Fringilla Inc.Apeldoorn","",1.15942,"","si","9",true,"Fri",14,"fringilla inc.",8015.00000,true,"aFringilla Inc.","a","a","Fringillz Inc.","nc.",80.00000,80.00000,80.00000,80.00000,80.00000,"2022-02-02 20:42:09.568"
"20220202-204209568-fdd1279f-a023-451f-9a4e-0c18d07af53a","2021-10-07","2022-02-02",12.00000,"Donec Egestas Duis Institute","Broken Hill","7284","A.csv",70,1,12.00000,12.00000,12.00000,"2021-10-08 00:00:00.000","2021-10-08 00:00:00.000",true,"Donec Egestas Duis InstituteBroken Hill",118,0.17143,7,"si","12",false,"Don",28,"donec egestas duis institute",1215.00000,true,"Donec Egestas D","c","c","Donec Egestzs Duis Institute","ute",12.00000,12.00000,12.00000,12.00000,12.00000,"2022-02-02 20:42:09.568"
"20220202-204209568-fd47ea25-9da8-41fd-b7a3-d59dc8ff546b","","2022-02-02",26.00000,"Non Cursus PC","Juan Fernández","7284","A.csv",71,1,26.00000,26.00000,26.00000,"","",true,"Non Cursus PCJuan Fernández","",0.36620,"","si","0",true,"Non",13,"non cursus pc",2615.00000,true,"aaNon Cursus PC","","","Non Cursus PC"," PC",26.00000,26.00000,26.00000,26.00000,26.00000,"2022-02-02 20:42:09.568"
"20220202-204209568-921c5ea8-e24e-46a6-96cc-3c413d590eb7","2020-11-02","2022-02-02",12.00000,"Tempus Mauris Corp.","Dipignano","7284","A.csv",72,1,12.00000,12.00000,12.00000,"2020-11-03 00:00:00.000","2020-11-03 00:00:00.000",true,"Tempus Mauris Corp.Dipignano",457,0.16667,2,"si","9",false,"Tem",19,"tempus mauris corp.",1215.00000,true,"Tempus Mauris C","a","a","Tempus Mzuris Corp.","rp.",12.00000,12.00000,12.00000,12.00000,12.00000,"2022-02-02 20:42:09.568"
"20220202-204209568-e721123f-46dc-433d-b853-1daa8408b114","2020-05-04","2022-02-02",98.00000,"Accumsan Sed PC","Tarrasa","7284","A.csv",73,1,98.00000,98.00000,98.00000,"2020-05-05 00:00:00.000","2020-05-05 00:00:00.000",true,"Accumsan Sed PCTarrasa",639,1.34247,4,"si","7",false,"Acc",15,"accumsan sed pc",9815.00000,true,"Accumsan Sed PC","cc","cc","Accumszn Sed PC"," PC",98.00000,98.00000,98.00000,98.00000,98.00000,"2022-02-02 20:42:09.568"
"20220202-204209568-46d5fabd-9e65-4e9f-91b9-4ae760194b5b","","2022-02-02",65.00000,"Nisi Corp.","İskenderun","7284","A.csv",74,1,65.00000,65.00000,65.00000,"","",true,"Nisi Corp.İskenderun","",0.87838,"","si","0",true,"Nis",10,"nisi corp.",6515.00000,true,"aaaaaNisi Corp.","","","Nisi Corp.","rp.",65.00000,65.00000,65.00000,65.00000,65.00000,"2022-02-02 20:42:09.568"
"20220202-204209568-fb2177a5-cd76-4b21-8366-7ee272708007","2020-10-11","2022-02-02",95.00000,"Ligula Eu Associates","Harlow","7284","A.csv",75,1,95.00000,95.00000,95.00000,"2020-10-12 00:00:00.000","2020-10-12 00:00:00.000",true,"Ligula Eu AssociatesHarlow",479,1.26667,11,"si","6",false,"Lig",20,"ligula eu associates",9515.00000,true,"Ligula Eu Assoc","a","a","Ligulz Eu Associztes","tes",95.00000,95.00000,95.00000,95.00000,95.00000,"2022-02-02 20:42:09.568"
"20220202-204209568-23a3176f-5908-4148-9d8c-37669b0495cc","2020-10-06","2022-02-02",62.00000,"Ipsum Sodales Purus PC","Aschaffenburg","7284","A.csv",76,1,62.00000,62.00000,62.00000,"2020-10-07 00:00:00.000","2020-10-07 00:00:00.000",true,"Ipsum Sodales Purus PCAschaffenburg",484,0.81579,6,"si","10",false,"Ips",22,"ipsum sodales purus pc",6215.00000,true,"Ipsum Sodales P","a","a","Ipsum Sodzles Purus PC"," PC",62.00000,62.00000,62.00000,62.00000,62.00000,"2022-02-02 20:42:09.568"
"20220202-204209568-291a2505-0c17-485a-9558-f6c4170b934a","","2022-02-02",66.00000,"Parturient Montes Inc.","Market Drayton","7284","A.csv",77,1,66.00000,66.00000,66.00000,"","",true,"Parturient Montes Inc.Market Drayton","",0.85714,"","si","0",true,"Par",22,"parturient montes inc.",6615.00000,true,"Parturient Mont","a","a","Pzrturient Montes Inc.","nc.",66.00000,66.00000,66.00000,66.00000,66.00000,"2022-02-02 20:42:09.568"
"20220202-204209568-51998fd1-976d-4814-8880-c348963915b9","2020-08-01","2022-02-02",89.00000,"Ullamcorper Duis Associates","San Pietro Avellana","7284","A.csv",78,1,89.00000,89.00000,89.00000,"2020-08-02 00:00:00.000","2020-08-02 00:00:00.000",true,"Ullamcorper Duis AssociatesSan Pietro Avellana",550,1.14103,1,"si","4",false,"Ull",27,"ullamcorper duis associates",8915.00000,true,"Ullamcorper Dui","a","a","Ullzmcorper Duis Associztes","tes",89.00000,89.00000,89.00000,89.00000,89.00000,"2022-02-02 20:42:09.568"
"20220202-204209568-4f52e532-fe1c-4f01-8f83-8b29a690dc20","","2022-02-02",60.00000,"Faucibus Lectus Foundation","Bovigny","7284","A.csv",79,1,60.00000,60.00000,60.00000,"","",true,"Faucibus Lectus FoundationBovigny","",0.75949,"","si","22",true,"Fau",26,"faucibus lectus foundation",6015.00000,true,"Faucibus Lectus","a","a","Fzucibus Lectus Foundztion","ion",60.00000,60.00000,60.00000,60.00000,60.00000,"2022-02-02 20:42:09.568"
"20220202-204209568-84e80f76-2cae-4a03-8e6e-fdd89b638315","","2022-02-02",97.00000,"Ac Libero Nec PC","King Township","7284","A.csv",80,1,97.00000,97.00000,97.00000,"","",true,"Ac Libero Nec PCKing Township","",1.21250,"","si","0",true,"Ac ",16,"ac libero nec pc",9715.00000,true,"Ac Libero Nec P","c","c","Ac Libero Nec PC"," PC",97.00000,97.00000,97.00000,97.00000,97.00000,"2022-02-02 20:42:09.568"
"20220202-204209568-f6faff3c-e4a7-4274-9265-7d826f41cd22","","2022-02-02",60.00000,"At Corporation","Santa Inês","7284","A.csv",81,1,60.00000,60.00000,60.00000,"","",true,"At CorporationSanta Inês","",0.74074,"","si","10",true,"At ",14,"at corporation",6015.00000,true,"aAt Corporation","a","a","At Corporztion","ion",60.00000,60.00000,60.00000,60.00000,60.00000,"2022-02-02 20:42:09.568"
"20220202-204209568-710c65bb-a25d-49b0-a7d6-25ab626591b5","","2022-02-02",68.00000,"Dui Cum Sociis LLC","Compiègne","7284","A.csv",82,1,68.00000,68.00000,68.00000,"","",true,"Dui Cum Sociis LLCCompiègne","",0.82927,"","si","0",true,"Dui",18,"dui cum sociis llc",6815.00000,true,"Dui Cum Sociis ","c","c","Dui Cum Sociis LLC","LLC",68.00000,68.00000,68.00000,68.00000,68.00000,"2022-02-02 20:42:09.568"
"20220202-204209568-1cc8cb49-ce81-439a-9bc5-165372000ebc","2020-04-11","2022-02-02",20.00000,"Libero Foundation","Coquitlam","7284","A.csv",83,1,20.00000,20.00000,20.00000,"2020-04-12 00:00:00.000","2020-04-12 00:00:00.000",true,"Libero FoundationCoquitlam",662,0.24096,11,"si","13",false,"Lib",17,"libero foundation",2015.00000,true,"Libero Foundati","b","b","Libero Foundztion","ion",20.00000,20.00000,20.00000,20.00000,20.00000,"2022-02-02 20:42:09.568"
"20220202-204209568-d12f0de4-a9cf-400b-92e5-4ba4b15dd77a","","2022-02-02",78.00000,"Pede Industries","Shigar","7284","A.csv",84,1,78.00000,78.00000,78.00000,"","",true,"Pede IndustriesShigar","",0.92857,"","si","0",true,"Ped",15,"pede industries",7815.00000,true,"Pede Industries","","","Pede Industries","ies",78.00000,78.00000,78.00000,78.00000,78.00000,"2022-02-02 20:42:09.568"
"20220202-204209568-8e7ad42a-0b3d-49d8-b970-77ab07b92f30","","2022-02-02",41.00000,"Ac Institute","Jennersdorf","7284","A.csv",85,1,41.00000,41.00000,41.00000,"","",true,"Ac InstituteJennersdorf","",0.48235,"","si","0",true,"Ac ",12,"ac institute",4115.00000,true,"aaaAc Institute","c","c","Ac Institute","ute",41.00000,41.00000,41.00000,41.00000,41.00000,"2022-02-02 20:42:09.568"
"20220202-204209568-7ea9bf51-c59e-487e-bc51-8307c86f3439","","2022-02-02",10.00000,"Et Arcu LLC","Ramenskoye","7284","A.csv",86,1,10.00000,10.00000,10.00000,"","",true,"Et Arcu LLCRamenskoye","",0.11628,"","no","0",true,"Et ",11,"et arcu llc",1015.00000,false,"aaaaEt Arcu LLC","c","c","Et Arcu LLC","LLC",10.00000,10.00000,10.00000,10.00000,10.00000,"2022-02-02 20:42:09.568"
"20220202-204209568-58230fc9-113a-41b2-b171-4ffe74c3f1dc","","2022-02-02",72.00000,"Et Limited","Sint-Gillis","7284","A.csv",87,1,72.00000,72.00000,72.00000,"","",true,"Et LimitedSint-Gillis","",0.82759,"","si","0",true,"Et ",10,"et limited",7215.00000,true,"aaaaaEt Limited","","","Et Limited","ted",72.00000,72.00000,72.00000,72.00000,72.00000,"2022-02-02 20:42:09.568"
"20220202-204209568-5e6c13ff-7120-4328-ae38-747c0d462b67","","2022-02-02",21.00000,"Cursus Integer Mollis Company","Shebekino","7284","A.csv",88,1,21.00000,21.00000,21.00000,"","",true,"Cursus Integer Mollis CompanyShebekino","",0.23864,"","si","27",true,"Cur",29,"cursus integer mollis company",2115.00000,true,"Cursus Integer ","a","a","Cursus Integer Mollis Compzny","any",21.00000,21.00000,21.00000,21.00000,21.00000,"2022-02-02 20:42:09.568"
"20220202-204209568-0eca2741-708a-48e9-bd6b-b56ece163117","","2022-02-02",8.00000,"Velit Dui Semper LLC","Neunkirchen","7284","A.csv",89,1,8.00000,8.00000,8.00000,"","",true,"Velit Dui Semper LLCNeunkirchen","",0.08989,"","no","0",true,"Vel",20,"velit dui semper llc",815.00000,false,"Velit Dui Sempe","","","Velit Dui Semper LLC","LLC",8.00000,8.00000,8.00000,8.00000,8.00000,"2022-02-02 20:42:09.568"
"20220202-204209568-56833d9b-ab57-475c-bbc0-ce7c15bfff76","","2022-02-02",24.00000,"Curabitur PC","Alnwick","7284","A.csv",90,1,24.00000,24.00000,24.00000,"","",true,"Curabitur PCAlnwick","",0.26667,"","si","4",true,"Cur",12,"curabitur pc",2415.00000,true,"aaaCurabitur PC","ab","ab","Curzbitur PC"," PC",24.00000,24.00000,24.00000,24.00000,24.00000,"2022-02-02 20:42:09.568"
"20220202-204209568-fd0f5100-d051-4de9-90d3-57b4de60ab8a","","2022-02-02",45.00000,"Lectus Associates","Sterrebeek","7284","A.csv",91,1,45.00000,45.00000,45.00000,"","",true,"Lectus AssociatesSterrebeek","",0.49451,"","si","14",true,"Lec",17,"lectus associates",4515.00000,true,"Lectus Associat","c","c","Lectus Associztes","tes",45.00000,45.00000,45.00000,45.00000,45.00000,"2022-02-02 20:42:09.568"
"20220202-204209568-698d5fa6-67f3-40c3-8ad3-0f8c15bdb6c3","","2022-02-02",1.00000,"Quisque Purus Industries","Abaetetuba","7284","A.csv",92,1,1.00000,1.00000,1.00000,"","",true,"Quisque Purus IndustriesAbaetetuba","",0.01087,"","no","0",true,"Qui",24,"quisque purus industries",115.00000,false,"Quisque Purus I","","","Quisque Purus Industries","ies",1.00000,1.00000,1.00000,1.00000,1.00000,"2022-02-02 20:42:09.568"
"20220202-204209568-07ee6488-9200-4245-b24c-3d3741e277b2","","2022-02-02",54.00000,"Metus Incorporated","Montecarotto","7284","A.csv",93,1,54.00000,54.00000,54.00000,"","",true,"Metus IncorporatedMontecarotto","",0.58065,"","si","15",true,"Met",18,"metus incorporated",5415.00000,true,"Metus Incorpora","c","c","Metus Incorporzted","ted",54.00000,54.00000,54.00000,54.00000,54.00000,"2022-02-02 20:42:09.568"
